{
  "__type__": "cc.SpriteFrame",
  "content": {
    "name": "h001",
    "atlas": "",
    "rect": {
      "x": 50,
      "y": 3,
      "width": 102,
      "height": 197
    },
    "offset": {
      "x": -1,
      "y": 0.5
    },
    "originalSize": {
      "width": 204,
      "height": 204
    },
    "rotated": false,
    "capInsets": [
      0,
      0,
      0,
      0
    ],
    "vertices": {
      "rawPosition": [
        -51,
        -98.5,
        0,
        51,
        -98.5,
        0,
        -51,
        98.5,
        0,
        51,
        98.5,
        0
      ],
      "indexes": [
        0,
        1,
        2,
        2,
        1,
        3
      ],
      "uv": [
        50,
        201,
        152,
        201,
        50,
        4,
        152,
        4
      ],
      "nuv": [
        0.24509803921568626,
        0.0196078431372549,
        0.7450980392156863,
        0.0196078431372549,
        0.24509803921568626,
        0.9852941176470589,
        0.7450980392156863,
        0.9852941176470589
      ],
      "minPos": {
        "x": -51,
        "y": -98.5,
        "z": 0
      },
      "maxPos": {
        "x": 51,
        "y": 98.5,
        "z": 0
      }
    },
    "texture": "b88acd16-0b95-4faf-af9e-cf05485924a4@6c48a",
    "packable": true,
    "pixelsToUnit": 100,
    "pivot": {
      "x": 0.5,
      "y": 0.5
    },
    "meshType": 0
  }
}