{
  "__type__": "cc.SpriteFrame",
  "content": {
    "name": "power",
    "atlas": "",
    "rect": {
      "x": 3,
      "y": 5,
      "width": 44,
      "height": 42
    },
    "offset": {
      "x": 0,
      "y": 0
    },
    "originalSize": {
      "width": 50,
      "height": 52
    },
    "rotated": false,
    "capInsets": [
      0,
      0,
      0,
      0
    ],
    "vertices": {
      "rawPosition": [
        -22,
        -21,
        0,
        22,
        -21,
        0,
        -22,
        21,
        0,
        22,
        21,
        0
      ],
      "indexes": [
        0,
        1,
        2,
        2,
        1,
        3
      ],
      "uv": [
        3,
        47,
        47,
        47,
        3,
        5,
        47,
        5
      ],
      "nuv": [
        0.06,
        0.09615384615384616,
        0.94,
        0.09615384615384616,
        0.06,
        0.9038461538461539,
        0.94,
        0.9038461538461539
      ],
      "minPos": {
        "x": -22,
        "y": -21,
        "z": 0
      },
      "maxPos": {
        "x": 22,
        "y": 21,
        "z": 0
      }
    },
    "texture": "b8f64b01-8842-4f04-93be-42ab3bb1c790@6c48a",
    "packable": true,
    "pixelsToUnit": 100,
    "pivot": {
      "x": 0.5,
      "y": 0.5
    },
    "meshType": 0
  }
}