{
  "__type__": "cc.SpriteFrame",
  "content": {
    "name": "money",
    "atlas": "",
    "rect": {
      "x": 11,
      "y": 11,
      "width": 30,
      "height": 29
    },
    "offset": {
      "x": 1,
      "y": -1
    },
    "originalSize": {
      "width": 50,
      "height": 49
    },
    "rotated": false,
    "capInsets": [
      0,
      0,
      0,
      0
    ],
    "vertices": {
      "rawPosition": [
        -15,
        -14.5,
        0,
        15,
        -14.5,
        0,
        -15,
        14.5,
        0,
        15,
        14.5,
        0
      ],
      "indexes": [
        0,
        1,
        2,
        2,
        1,
        3
      ],
      "uv": [
        11,
        38,
        41,
        38,
        11,
        9,
        41,
        9
      ],
      "nuv": [
        0.22,
        0.1836734693877551,
        0.82,
        0.1836734693877551,
        0.22,
        0.7755102040816326,
        0.82,
        0.7755102040816326
      ],
      "minPos": {
        "x": -15,
        "y": -14.5,
        "z": 0
      },
      "maxPos": {
        "x": 15,
        "y": 14.5,
        "z": 0
      }
    },
    "texture": "45636fdf-6161-4be1-bc26-795a2166cdd2@6c48a",
    "packable": true,
    "pixelsToUnit": 100,
    "pivot": {
      "x": 0.5,
      "y": 0.5
    },
    "meshType": 0
  }
}