{
  "__type__": "cc.SpriteFrame",
  "content": {
    "name": "floor",
    "atlas": "",
    "rect": {
      "x": 8,
      "y": 14,
      "width": 786,
      "height": 690
    },
    "offset": {
      "x": 1,
      "y": -4
    },
    "originalSize": {
      "width": 800,
      "height": 710
    },
    "rotated": false,
    "capInsets": [
      0,
      0,
      0,
      0
    ],
    "vertices": {
      "rawPosition": [
        -393,
        -345,
        0,
        393,
        -345,
        0,
        -393,
        345,
        0,
        393,
        345,
        0
      ],
      "indexes": [
        0,
        1,
        2,
        2,
        1,
        3
      ],
      "uv": [
        8,
        696,
        794,
        696,
        8,
        6,
        794,
        6
      ],
      "nuv": [
        0.01,
        0.008450704225352112,
        0.9925,
        0.008450704225352112,
        0.01,
        0.9802816901408451,
        0.9925,
        0.9802816901408451
      ],
      "minPos": {
        "x": -393,
        "y": -345,
        "z": 0
      },
      "maxPos": {
        "x": 393,
        "y": 345,
        "z": 0
      }
    },
    "texture": "c42af2aa-61e7-4867-8157-3148bdc774bb@6c48a",
    "packable": true,
    "pixelsToUnit": 100,
    "pivot": {
      "x": 0.5,
      "y": 0.5
    },
    "meshType": 0
  }
}